"","seqnames","start","end","width","strand","baseMean","baseVar","baseMean.1","log2FoldChange","lfcSE","stat","pvalue","padj","new_seqnames"
"1","CM002907.1",29524282,29524781,500,"*",27.403999783433,207.950464357367,27.403999783433,1.92091293914699,0.387505661860162,4.95712225190709,7.1544961886705e-07,0.0301905430169518,"CM002907.1:29524282-29524781"
